name,price,rating,store,image
Ready Apple iPhone SE 2 2020 64gb 128gb 256gb white black red,Rp5.900.000,4.8,Big Berry Cellular,https://images.tokopedia.net/img/cache/200-square/VqbcmM/2020/12/23/846113c2-4b85-486b-a5df-da5b32d25c56.jpg.webp?ect=4g
"iPhone 13 Mini 512GB 5G iBox 128GB 256GB Ibox - Not 12 Pro Max 256 128 - INTER 128GB, MIDNIGHT BLACK",Rp14.475.000,4.9,New Rizkyapple,https://images.tokopedia.net/img/cache/200-square/VqbcmM/2021/9/15/ceef6f1e-da6d-41e3-8f56-c714fd71f0dc.jpg.webp?ect=4g
SAMSUNG GALAXY A11 NEW GARANSI RESMI SEIN 1TAHUN,Rp1.700.000,5.0,Bintang_cell222,https://images.tokopedia.net/img/cache/200-square/product-1/2020/6/21/3967478/3967478_ed2fff64-e11b-44a1-936f-660fa145b655_415_415.jpg.webp?ect=4g
REALME NARZO 50i 4/64GB GARANSI RESMI REALME INDONESIA,Rp1.599.000,not yet rated,GadgetIDN,https://images.tokopedia.net/img/cache/200-square/VqbcmM/2021/11/3/3b5cf286-761c-44e4-806b-b4f38425aba2.jpg.webp?ect=4g
SAMSUNG GALAXY M20 GARANSI RESMI 1 TAHUN,Rp2.150.000,4.7,langitcel,https://images.tokopedia.net/img/cache/200-square/product-1/2019/5/28/4009535/4009535_0bcfd267-7a69-407b-b8e4-a5f55da29f45_620_620.jpg.webp?ect=4g
Realme C11 Garansi Resmi,Rp1.238.000,4.9,Evogad Official,https://images.tokopedia.net/img/cache/200-square/VqbcmM/2021/8/27/9d249ace-09dc-412d-acc8-5cf5484fa144.jpg.webp?ect=4g
Xiaomi Redmi 9A 2/32 RAM 3GB ROM 32GB Garansi Resmi Xiaomi Indonesia,Rp1.298.000,4.9,SFONE OMNI STORE,https://images.tokopedia.net/img/cache/200-square/VqbcmM/2021/8/31/7a632a08-7d4d-4abe-9a5f-978d73954641.jpg.webp?ect=4g
Realme C11 2/32 RAM 2GB ROM 32GB GARANSI RESMI REALME,Rp1.221.000,4.9,enterphone2,https://images.tokopedia.net/img/cache/200-square/VqbcmM/2021/10/25/7c94c5c2-3930-423c-a728-b80b66317a2e.jpg.webp?ect=4g
Iphone XR Garansi Resmi Ibox,Rp8.269.000,5.0,PT Pratama Sntra Semesta,https://images.tokopedia.net/img/cache/200-square/VqbcmM/2021/11/2/d6dac822-9e50-4854-bf6b-222d3591f559.png.webp?ect=4g
IPhone 12 Pro Max Garansi Resmi Ibox,Rp19.399.000,5.0,PT Pratama Sntra Semesta,https://images.tokopedia.net/img/cache/200-square/VqbcmM/2021/11/2/e0aacb21-90b6-4414-b276-0127bd241a27.png.webp?ect=4g
Xiaomi Redmi Note 10S 8/128 RAM 8GB ROM 128GB Garansi Resmi Xiaomi,Rp3.064.000,5.0,SFONE OMNI STORE,https://images.tokopedia.net/img/cache/200-square/VqbcmM/2021/10/12/f177c211-ee2d-44e8-8391-207a325330fc.jpg.webp?ect=4g
Realme C21Y 4/64 RAM 4GB Internal 64GB Garansi Resmi Indonesia,Rp1.706.000,5.0,SFONE OMNI STORE,https://images.tokopedia.net/img/cache/200-square/VqbcmM/2021/9/24/10812548-196d-43e5-8dfc-496708d59b8a.png.webp?ect=4g
Samsung Galaxy A72 8/128 8/256 Kamera 4K GB RAM 8 ROM 128 256 Resmi,Rp5.440.000,4.9,SUPER_GADGET,https://images.tokopedia.net/img/cache/200-square/VqbcmM/2021/7/16/25d1e0fb-18fc-4989-b7ba-b4f4bc598be4.png.webp?ect=4g
SAMSUNG GALAXY A32 5G - NFC - 8GB 128GB 8/128 GARANSI RESMI,Rp3.849.900,5.0,Shopyz ID,https://images.tokopedia.net/img/cache/200-square/VqbcmM/2021/6/7/6c8e3369-cb6a-4618-a30c-c876cb9ceec1.jpg.webp?ect=4g
Samsung A12 4/128 RAM 4GB Internal 128GB Garansi Resmi SEIN,Rp2.141.000,4.9,SFONE OMNI STORE,https://images.tokopedia.net/img/cache/200-square/VqbcmM/2021/9/2/14ca8da9-523d-4784-a208-2b1c4bad42ba.jpg.webp?ect=4g
Xiaomi Redmi 9A 2/32 Garansi Resmi,Rp1.275.000,5.0,Hanan Store's,https://images.tokopedia.net/img/cache/200-square/VqbcmM/2021/9/3/a70cac97-0685-4c66-8d57-904e6190ebea.jpg.webp?ect=4g
Advan G9 Pro 6/64 Gb Garansi resmi - Hijau,Rp1.315.000,not yet rated,RPM Mobile,https://images.tokopedia.net/img/cache/200-square/VqbcmM/2021/10/21/590e8e93-d49a-49e4-90d0-dd92629888dc.jpg.webp?ect=4g
Vivo Y21s 4/128GB (Ram 4GB + 1GB Extended) Garansi Resmi,Rp2.445.000,5.0,duniagadgetku,https://images.tokopedia.net/img/cache/200-square/VqbcmM/2021/9/6/b23006b3-ea19-460e-8c07-8caf6bfc1cac.jpg.webp?ect=4g
"IBOX iPhone 13 Pro Max 5G 1TB 512GB 256GB 128GB ProMax - not 13 mini - 128 gb, Silver",Rp21.020.000,not yet rated,iStuffOriginal,https://images.tokopedia.net/img/cache/200-square/VqbcmM/2021/11/3/66e27f0a-ed1c-4e42-bc83-afc29f048cee.jpg.webp?ect=4g
[GARANSI RESMI APPLE] Apple iPhone 12 64Gb,Rp12.399.000,5.0,Planet Gadget,https://images.tokopedia.net/img/cache/200-square/VqbcmM/2021/10/1/06d539ac-c270-4f41-85e6-8b34dae530c7.jpg.webp?ect=4g
Samsung Galaxy M12 3GB/32GB,Rp1.699.000,4.9,Samsung Official Store,https://images.tokopedia.net/img/cache/200-square/VqbcmM/2021/10/25/fb6e6429-bb51-4a6d-a254-63342362fa93.jpg.webp?ect=4g
Poco M3 4/64 GB - 6/128 GB Resmi,Rp1.885.000,5.0,duniagadgetku,https://images.tokopedia.net/img/cache/200-square/VqbcmM/2021/1/26/6b2602e3-2646-440f-b039-dad93ce6a4b0.jpg.webp?ect=4g
Samsung Galaxy A12 4/128 / 6/128 Garansi Resmi Sein By Tam,Rp2.158.000,4.9,murahmeriah shop,https://images.tokopedia.net/img/cache/200-square/VqbcmM/2021/2/7/f5c0e160-deb5-4281-b156-8144e4e59a00.jpg.webp?ect=4g
SAMSUNG GALAXY M32 - NFC - 5000mAh - 8GB 128GB 8/128 - Garansi Resmi,Rp3.399.900,5.0,Shopyz ID,https://images.tokopedia.net/img/cache/200-square/VqbcmM/2021/7/29/96748ddc-68de-423e-b34b-78818ea0b715.jpg.webp?ect=4g
Samsung Galaxy A03s 4/64 GB Garansi Resmi SEIN,Rp1.746.000,4.9,Gudang-HP,https://images.tokopedia.net/img/cache/200-square/VqbcmM/2021/9/9/f5a879d4-149d-4a45-a09d-78551a2e430b.jpg.webp?ect=4g
Xiaomi Poco X3 Pro 8/256 GB Garansi Resmi,Rp3.894.000,4.9,Gudang-HP,https://images.tokopedia.net/img/cache/200-square/VqbcmM/2021/4/30/d63e6a87-b8c1-4a78-aae0-694780ef5659.jpg.webp?ect=4g
XIAOMI Mi POCO X3 Pro 6/128GB NFC Snapdragon™ 860 48MP 5160mAh,Rp3.399.000,4.9,Xiaomi Official Store,https://images.tokopedia.net/img/cache/200-square/VqbcmM/2021/5/13/4a801301-4407-4907-80cb-cbf82355394c.png.webp?ect=4g
Samsung Galaxy A12 4/128 GB Garansi Resmi SEIN,Rp2.142.000,4.9,Gudang-HP,https://images.tokopedia.net/img/cache/200-square/VqbcmM/2021/6/23/6baf216f-2cb1-464c-8f86-2f05ca28c3b4.jpg.webp?ect=4g
Samsung Galaxy A02 3/32 GB Garansi Resmi SEIN,Rp1.469.000,4.9,Gudang-HP,https://images.tokopedia.net/img/cache/200-square/VqbcmM/2021/2/18/1bfa6f89-cf7e-4c54-9fd1-3e2713cbdb4c.jpg.webp?ect=4g
Samsung Galaxy A12 6/128 GB Garansi Resmi SEIN,Rp2.350.000,4.9,Gudang-HP,https://images.tokopedia.net/img/cache/200-square/VqbcmM/2020/12/29/520f7c61-b341-42e1-a829-9cb4cc5b1677.jpg.webp?ect=4g
realme c21y 3/32 new grs resmi realme indo,Rp1.575.000,not yet rated,arena phone cell,https://images.tokopedia.net/img/cache/200-square/VqbcmM/2021/11/3/bcb8b0ad-e98d-4c7b-b4f2-3c4f2cef7c15.jpg.webp?ect=4g
Vivo V21 4G - Garansi Resmi,Rp3.650.000,4.9,Ratucell88,https://images.tokopedia.net/img/cache/200-square/VqbcmM/2021/6/23/86571b40-5248-4679-9367-c6361af4dfb2.jpg.webp?ect=4g
Samsung a22 new sein indonesia ram 6/128gb,Rp2.700.000,not yet rated,Ponsel nusantara,https://images.tokopedia.net/img/cache/200-square/VqbcmM/2021/11/6/0706f632-c5a4-4a6a-973d-baa9e23acc71.jpg.webp?ect=4g
(RESMI) Samsung Galaxy S21 128GB 256GB 5G Garansi SEIN Indonesia,Rp10.740.000,5.0,Putra Group,https://images.tokopedia.net/img/cache/200-square/VqbcmM/2021/6/19/85ae0cd5-3799-4f13-bd6f-270c74d4e9cd.jpg.webp?ect=4g
realme xt 8/128,Rp3.500.000,not yet rated,thalib's,https://images.tokopedia.net/img/cache/200-square/VqbcmM/2021/7/3/96dd5f6f-b67a-4253-bb58-1f359986da30.jpg.webp?ect=4g
Xiaomi Poco X3 GT 8/128GG + 8/256GB Garansi Resmi,Rp4.199.000,4.9,duniagadgetku,https://images.tokopedia.net/img/cache/200-square/VqbcmM/2021/8/28/aca5bc26-b2ae-4018-bc91-3d022cfeefdb.jpg.webp?ect=4g
Xiaomi Redmi Note 10s 8/128 GB Garasni Resmi,Rp3.065.000,5.0,Gudang-HP,https://images.tokopedia.net/img/cache/200-square/VqbcmM/2021/6/21/96d41d0f-83ac-48ca-9f2b-bd7fc2e4d4d6.jpg.webp?ect=4g
"Xiaomi Redmi 9A 2/32 ~ 3/32 GB Garansi Resmi , IMEI Terdaftar",Rp1.299.000,5.0,duniagadgetku,https://images.tokopedia.net/img/cache/200-square/product-1/2020/8/18/16633024/16633024_ac7359fa-8e71-4c62-9cbb-ee9b2ad3ed5e_625_625.webp?ect=4g
itel vision A26 (2/32) garansi resmi by infinix,Rp860.000,4.9,murahmeriah shop,https://images.tokopedia.net/img/cache/200-square/VqbcmM/2021/8/12/4e32b47d-1c08-4bab-9052-517c84ed3099.jpg.webp?ect=4g
Xiaomi Poco M3 Pro 5G 6/128 GB Garansi Resmi,Rp2.936.000,4.9,Gudang-HP,https://images.tokopedia.net/img/cache/200-square/VqbcmM/2021/7/26/46a33af4-9efa-4f32-b694-02d7df878643.jpg.webp?ect=4g
Xiaomi Redmi Note 9 6/128 GB Garansi Resmi,Rp2.433.000,4.9,Gudang-HP,https://images.tokopedia.net/img/cache/200-square/product-1/2020/6/18/2608727/2608727_a9cc5f8e-5233-4835-81ec-9221fd0c56a6_800_800.webp?ect=4g
Samsung Galaxy A03S 4/64 GB Garansi Resmi,Rp1.745.000,4.9,Garasi.ku,https://images.tokopedia.net/img/cache/200-square/VqbcmM/2021/9/2/a1e40911-f0c5-4975-a6f9-0a368d67bc69.jpg.webp?ect=4g
SAMSUNG GALAXY A52 8/128 GARANSI RESMI,Rp4.875.000,4.9,jikalaku,https://images.tokopedia.net/img/cache/200-square/VqbcmM/2021/7/19/0918a07a-e8a7-4b45-aac7-9375e9ff323f.jpg.webp?ect=4g
XIAOMI POCOPHONE POCO M3 - 6GB 128GB - 6/128 GARANSI RESMI,Rp2.349.900,5.0,Shopyz ID,https://images.tokopedia.net/img/cache/200-square/VqbcmM/2021/1/25/15e17507-4741-4c54-a282-0511d112e02f.jpg.webp?ect=4g
Xiaomi Mi 11 Lite 6/64GB + 6/128GB + 8/128GB Garansi Resmi,Rp3.735.000,5.0,duniagadgetku,https://images.tokopedia.net/img/cache/200-square/VqbcmM/2021/6/23/7ca4e097-b139-4f32-8c81-349da35780b6.jpg.webp?ect=4g
Xiaomi Poco M3 6/128GB 4/64GB Garansi Resmi 128 GB 64 GB Biru Hitam,Rp1.883.000,4.8,Distributor Ponsel,https://images.tokopedia.net/img/cache/200-square/VqbcmM/2021/10/26/65239c9f-7468-46aa-a3e3-d868bd50edf9.jpg.webp?ect=4g
Xiaomi Mi 11 Lite 6/128GB NFC Snapdragon™ 732G Smartphone HP Android,Rp3.799.000,5.0,Xiaomi Official Store,https://images.tokopedia.net/img/cache/200-square/VqbcmM/2021/11/4/4a26af09-5f7f-4d81-bfad-df96c369901a.jpg.webp?ect=4g
SAMSUNG GALAXY M32 - NFC - 5000mAh - 6GB 128GB 6/128 - Garansi Resmi,Rp2.899.900,4.9,Shopyz ID,https://images.tokopedia.net/img/cache/200-square/VqbcmM/2021/7/29/96748ddc-68de-423e-b34b-78818ea0b715.jpg.webp?ect=4g
"HP realme C21Y 4/64GB [5000mAh, 13MP AI Triple Camera]",Rp1.799.000,4.9,realme Official Store,https://images.tokopedia.net/img/cache/200-square/VqbcmM/2021/10/31/7f109bb1-a13d-419f-9bed-c9002da05aee.jpg.webp?ect=4g
Xiaomi Poco M3 Pro 5G 4/64GB + 6/128GB Garansi Resmi,Rp2.675.000,5.0,duniagadgetku,https://images.tokopedia.net/img/cache/200-square/VqbcmM/2021/6/30/82315e33-e4f4-496a-8f3d-5483bc21c98e.jpg.webp?ect=4g
Redmi Note 10 Pro 6/64GB + 8/128GB Garansi Resmi,Rp3.635.000,5.0,duniagadgetku,https://images.tokopedia.net/img/cache/200-square/VqbcmM/2021/3/31/5a643563-0f91-4abc-97fa-7f32ab9dbc79.jpg.webp?ect=4g
Samsung Galaxy A03S [4G] [64GB/4GB] - Garansi Resmi,Rp1.740.000,5.0,ACS,https://images.tokopedia.net/img/cache/200-square/VqbcmM/2021/9/7/c581c0d6-6def-454e-a6c0-325a993f92f6.png.webp?ect=4g
Samsung Galaxy A12 6/128GB 4/128GB Garasni SEIN 4 GB 6 GB 128 GB,Rp2.141.000,4.8,Distributor Ponsel,https://images.tokopedia.net/img/cache/200-square/VqbcmM/2021/10/27/2292f792-3878-4270-b1d0-aff375020bd4.jpg.webp?ect=4g
"Xiaomi Redmi Note 10 Pro 8/128GB NFC 6.67"" 108MP 5020mAh Smart HP",Rp3.899.000,4.9,Xiaomi Official Store,https://images.tokopedia.net/img/cache/200-square/VqbcmM/2021/11/8/6dc789ab-971f-4e16-b698-9bf8485205ed.png.webp?ect=4g
Samsung Galaxy A52 8/128 RAM 8GB ROM 128GB GARANSI RESMI SEIN,Rp4.988.000,5.0,Altec Cellular,https://images.tokopedia.net/img/cache/200-square/VqbcmM/2021/4/18/b649ae51-57b4-47b4-9746-f596c9486a95.jpg.webp?ect=4g
Infinix Hot 10S 6/128GB - Garansi Resmi Infinix Indonesia,Rp1.990.000,4.9,Wahana Selular,https://images.tokopedia.net/img/cache/200-square/VqbcmM/2021/7/24/381b50bc-27a4-4eb1-b21d-af444a029cb5.png.webp?ect=4g
REALME C11 2/32 RAM 2GB ROM 32GB GARANSI RESMI,Rp1.218.000,5.0,murahmeriah shop,https://images.tokopedia.net/img/cache/200-square/VqbcmM/2021/8/12/31935e13-558a-4334-8c74-50a06a9a2236.jpg.webp?ect=4g
Infinix Note 10 Pro 8/128 GB Garansi Resmi,Rp2.768.000,5.0,Gudang-HP,https://images.tokopedia.net/img/cache/200-square/VqbcmM/2021/6/21/5fda4aa9-28f2-4156-ace0-6b6daadba525.jpg.webp?ect=4g
Xiaomi Redmi 9c 4/64 GB Garansi Resmi,Rp1.731.000,5.0,Gudang-HP,https://images.tokopedia.net/img/cache/200-square/VqbcmM/2021/6/22/26bb0702-69f1-4ecf-a80b-f53fde22a34a.jpg.webp?ect=4g
Infinix Hot 10 Play 4/64 GB Garansi Resmi,Rp1.563.000,5.0,Gudang-HP,https://images.tokopedia.net/img/cache/200-square/VqbcmM/2021/5/5/354e01e8-7ff6-4d3f-bddd-9a643673bdc4.jpg.webp?ect=4g
INFINIX NOTE 10 PRO NFC RAM 8 128 RAM 6 64 GARANSI RESMI,Rp2.555.000,4.9,Bintang Terang Cell,https://images.tokopedia.net/img/cache/200-square/VqbcmM/2021/7/9/2aa16215-3e82-4546-9cdb-f8a99fc20b04.jpg.webp?ect=4g
Vivo V21 4G 8/128GB + 8/256GB Garansi Resmi Vivo Indonesia,Rp3.765.000,5.0,duniagadgetku,https://images.tokopedia.net/img/cache/200-square/VqbcmM/2021/6/26/a54bfe9e-4e57-45a1-8019-f26cf5c1c4bd.jpg.webp?ect=4g
Infinix Note 10 Pro NFC 6/64 GB + 8/128 GB Garansi Resmi,Rp2.565.000,5.0,duniagadgetku,https://images.tokopedia.net/img/cache/200-square/VqbcmM/2021/6/19/b9dcac2e-3e41-465d-b4a8-f6ed69805772.jpg.webp?ect=4g
XIAOMI REDMI NOTE 10 5G NFC - 8GB 128GB 8/128 - DIMENSITY 700,Rp3.199.900,5.0,Shopyz ID,https://images.tokopedia.net/img/cache/200-square/VqbcmM/2021/7/27/28eb8f53-6ca7-4781-b24f-c519f6680990.jpg.webp?ect=4g
Xiaomi Redmi Note 10 Pro 8/128GB 6/64GB Garansi Resmi TAM 64 GB 128 GB,Rp3.639.000,4.8,Distributor Ponsel,https://images.tokopedia.net/img/cache/200-square/VqbcmM/2021/10/26/e1a1d73a-5d86-4633-b8b4-fd351d625d5f.jpg.webp?ect=4g
XIAOMI REDMI NOTE 10S 8/128 GB REDMI NOTE 10S 6/64 GB GARANSI RESMI,Rp2.685.000,5.0,STR-STORE,https://images.tokopedia.net/img/cache/200-square/VqbcmM/2021/5/24/f0a41dc2-105e-4031-88a9-aa41e6df92ed.png.webp?ect=4g
Itel Vision 1 Pro ( 2/32Gb / 3/32Gb ) Garansi Resmi by Infinix,Rp1.017.000,4.9,murahmeriah shop,https://images.tokopedia.net/img/cache/200-square/VqbcmM/2021/2/17/8d69c008-48d1-4bb1-86b1-c9a7a969ca6d.jpg.webp?ect=4g
Xiaomi Poco X3 Pro 8/256GB 6/128GB Garansi resmi 8 GB 256 GB 6 GB 128,Rp3.420.000,4.8,Distributor Ponsel,https://images.tokopedia.net/img/cache/200-square/VqbcmM/2021/10/26/d46e2ddc-337d-42b6-a255-6cc9159f6dd5.jpg.webp?ect=4g
Xiaomi Poco X3 GT - 8GB 256GB (8/256) - New Original Garansi Resmi,Rp4.565.000,5.0,CA Shop,https://images.tokopedia.net/img/cache/200-square/VqbcmM/2021/8/20/60fb5c3d-0771-4b7e-bc74-f8e435ca273f.jpg.webp?ect=4g
Infinix Hot 10 S 6/128 GB Garansi Resmi,Rp1.990.000,5.0,Gudang-HP,https://images.tokopedia.net/img/cache/200-square/VqbcmM/2021/6/21/d13b609a-2901-4db6-84ba-e8a77527752c.jpg.webp?ect=4g
IPhone 12 Garansi Resmi Ibox,Rp12.299.000,4.9,PT Pratama Sntra Semesta,https://images.tokopedia.net/img/cache/200-square/VqbcmM/2021/11/2/0450cdc0-4212-4456-bf7e-e4131782cfe5.png.webp?ect=4g
IPhone 12 Mini Garansi Resmi Ibox,Rp11.690.000,5.0,PT Pratama Sntra Semesta,https://images.tokopedia.net/img/cache/200-square/VqbcmM/2021/11/2/1bdbd918-e808-40b1-84cb-b8fc89948065.png.webp?ect=4g
Apple iPhone 12 Pro Max 256GB - Garansi Resmi iBox Apple Indonesia,Rp19.550.000,5.0,Universe Store,https://images.tokopedia.net/img/cache/200-square/VqbcmM/2020/12/18/45666837-24a0-453e-bedb-719069c022fd.jpg.webp?ect=4g
Infinix Smart 5 3/64 GB Garansi Resmi,Rp1.394.000,4.9,Gudang-HP,https://images.tokopedia.net/img/cache/200-square/VqbcmM/2021/6/21/92bb0872-7767-483e-ba0e-d1fa35bfa8b1.jpg.webp?ect=4g
Oppo Reno 5 8GB+128GB Garansi Resmi Oppo 1 Tahun,Rp4.139.000,4.9,36shop,https://images.tokopedia.net/img/cache/200-square/VqbcmM/2021/7/28/4781ea80-79af-4869-a48e-54dde522ee5e.jpg.webp?ect=4g
Vivo V21 Ram 8gb + 3gb 128gb 5G new resmi vivo,Rp4.660.000,5.0,RNR301,https://images.tokopedia.net/img/cache/200-square/VqbcmM/2021/6/6/29f903d3-5426-44b9-8ce8-dc6467b6da3f.jpg.webp?ect=4g
REALME C12 3/32GB Garansi Resmi,Rp1.450.000,4.5,WIJAYA TAWANGMANGU,https://images.tokopedia.net/img/cache/200-square/VqbcmM/2020/11/1/10339271-a3ba-446e-a683-c918a9ea5248.jpg.webp?ect=4g
OPPO F1s Ram 4/32GB NEW GARANSI 1 TAHUN - Gold,Rp736.000,4.0,Gadget Mii,https://images.tokopedia.net/img/cache/200-square/VqbcmM/2021/10/9/afb8274e-614a-4de8-889d-faa6a27e6737.png.webp?ect=4g
VIVO V20 2021 8/128GB GARANSI RESMI,Rp3.439.000,not yet rated,Radja Hape,https://images.tokopedia.net/img/cache/200-square/VqbcmM/2021/8/7/d53a7037-5c6e-469f-be32-0cb4011210d0.jpg.webp?ect=4g
Samsung S20 Plus - garansi resmi SEIN,Rp8.600.000,4.9,Ratucell88,https://images.tokopedia.net/img/cache/200-square/VqbcmM/2021/1/18/695e83f0-6ba6-46d9-8b61-0ee423e48503.jpg.webp?ect=4g
iPhone 12 Pro 128GB 256GB 512GB Dual Nano Sim Garansi Resmi (IBOX),Rp15.250.000,5.0,Digital Authorized,https://images.tokopedia.net/img/cache/200-square/VqbcmM/2021/7/1/f8c7821f-e33e-4f16-9667-e872ee9acdfe.jpg.webp?ect=4g
Advan G9 Pro 6/64 Gb Garansi resmi,Rp1.315.000,not yet rated,RPM Mobile,https://images.tokopedia.net/img/cache/200-square/VqbcmM/2021/10/21/590e8e93-d49a-49e4-90d0-dd92629888dc.jpg.webp?ect=4g
REALME NARZO 50i 4/64GB GARANSI RESMI REALME,Rp1.599.000,not yet rated,GadgetIDN,https://images.tokopedia.net/img/cache/200-square/VqbcmM/2021/11/3/be749170-5306-4182-b733-36fa058b4d4b.png.webp?ect=4g
iBox iPhone 13 Pro ProMax 5G 256GB Dual Nano 256 Max Blue not Mini 12,Rp21.050.000,5.0,Studio Ponsel,https://images.tokopedia.net/img/cache/200-square/VqbcmM/2021/10/5/2c9c347f-6125-454e-a88e-95d7b5625b92.jpg.webp?ect=4g
Oppo A3S ram 3 32 GB,Rp1.150.000,4.5,Lucky Phonee,https://images.tokopedia.net/img/cache/200-square/VqbcmM/2021/11/4/448d828d-4352-458a-871d-203adb6043cb.jpg.webp?ect=4g
Samsung Galaxy Z Flip 3 5G [8GB/128 - 8/256GB] - Garansi Resmi SEIN,Rp14.549.000,5.0,Wahana Selular,https://images.tokopedia.net/img/cache/200-square/VqbcmM/2021/8/20/7fb58d0c-55c9-43c1-adcb-74ede55d3efe.jpg.webp?ect=4g
XIAOMI REDMI 9 RAM 4 64 RAM 3 32 GRS RESMI,Rp1.899.000,4.9,ALFASTORE-,https://images.tokopedia.net/img/cache/200-square/VqbcmM/2021/6/5/9994c671-2c42-4f68-bcdf-e3d4f7dfa0d5.jpg.webp?ect=4g
IPhone 12 Pro Garansi Resmi Ibox,Rp17.949.000,5.0,PT Pratama Sntra Semesta,https://images.tokopedia.net/img/cache/200-square/VqbcmM/2021/11/2/36af7094-eb70-4be9-a55a-6b656ff1e5b2.png.webp?ect=4g
Samsung Galaxy A22 6/128 GB Garasi Resmi SEIN,Rp2.819.000,5.0,Gudang-HP,https://images.tokopedia.net/img/cache/200-square/VqbcmM/2021/7/6/d13df955-8cb4-46df-aac8-776f99451d9b.jpg.webp?ect=4g
Xiaomi Redmi Note 10S 8/128 - Garansi Resmi,Rp3.077.000,4.9,jikalaku,https://images.tokopedia.net/img/cache/200-square/product-1/2021/5/24/10915281/10915281_52e2348d-8b33-400a-9b43-2dc321dd5359.jpeg.webp?ect=4g
Infinix Itel Vision 1 Pro 3/32 Ram 3GB Internal 32GB Garansi Resmi,Rp1.020.000,4.9,dk-cell,https://images.tokopedia.net/img/cache/200-square/VqbcmM/2021/2/8/3629d82c-3bb2-4820-9c30-83f1758b69a5.jpg.webp?ect=4g
Xiaomi Redmi 10 4/64 Gb Helio G88 Camera 50Mp 5000Mah Garansi Resmi,Rp2.097.000,5.0,inoe87,https://images.tokopedia.net/img/cache/200-square/VqbcmM/2021/10/29/1abd2b9b-7a0f-44c7-83ee-e143433af065.jpg.webp?ect=4g
"XIAOMI REDMI 9A 3/32 GB , REDMI 9A 2/32 GB 100% ORI GARANSI RESMI",Rp1.295.000,5.0,STR-STORE,https://images.tokopedia.net/img/cache/200-square/VqbcmM/2021/6/23/235359ff-3ad3-4c18-9571-be29ae1752f9.png.webp?ect=4g
ADVAN G9 PRO 6/64 RAM 6GB ROM 64GB GARANSI RESMI 1 TAHUN,Rp1.320.000,4.9,enterphone2,https://images.tokopedia.net/img/cache/200-square/VqbcmM/2020/11/20/0b1e4870-a559-4499-bcb4-52249696999e.jpg.webp?ect=4g
Realme 8 8GB+128GB Garansi Resmi Realme Indonesia,Rp3.259.000,5.0,36shop,https://images.tokopedia.net/img/cache/200-square/VqbcmM/2021/7/26/a7a07a72-2fdc-45cd-b7ac-63b2cd1527bc.jpg.webp?ect=4g
iPhone 13 Pro Max 128GB 256GB 512GB 1TB ProMax 13 Dual Sim Nano IBOX,Rp21.060.000,5.0,Digital Authorized,https://images.tokopedia.net/img/cache/200-square/VqbcmM/2021/9/15/b5c8f829-6017-4ac0-ad10-813364196cf8.jpg.webp?ect=4g
REALME NARZO 50A 50 A 4/128GB 4/64GB GARANSI RESMI,Rp2.099.000,not yet rated,GadgetIDN,https://images.tokopedia.net/img/cache/200-square/VqbcmM/2021/11/3/7e6080c2-2104-409c-8e05-34b63f292fcd.jpg.webp?ect=4g
iPhone XS 64GB/256GB SECOND LIKE NEW 99% MULUS FULLSET - GARANSI,Rp5.155.000,5.0,Wish Phonestore,https://images.tokopedia.net/img/cache/200-square/VqbcmM/2021/11/5/df45ea2c-bf72-4b26-b5dc-60e2d2b092ab.png.webp?ect=4g
Vivo Y33s 8/128GB (RAM 8GB+4GB Extended) Garansi Resmi,Rp2.999.000,5.0,duniagadgetku,https://images.tokopedia.net/img/cache/200-square/VqbcmM/2021/10/15/37f569a1-bc85-4ddc-aafa-282c08eac8f0.jpg.webp?ect=4g
iBox iPhone 13 Mini 512GB Dual 256GB 128GB Purple White Black Blue 12,Rp14.500.000,5.0,Studio Ponsel,https://images.tokopedia.net/img/cache/200-square/VqbcmM/2021/10/5/7370ea86-9697-43e5-87f8-ff87172ba68a.jpg.webp?ect=4g
